                  epoch,         train/box_loss,         train/cls_loss,         train/dfl_loss,   metrics/precision(B),      metrics/recall(B),       metrics/mAP50(B),    metrics/mAP50-95(B),           val/box_loss,           val/cls_loss,           val/dfl_loss,                 lr/pg0,                 lr/pg1,                 lr/pg2
                      1,                 2.5639,                 2.8354,                  2.716,                  0.008,                0.98947,                 0.0469,                0.00944,                 2.5675,                 3.2997,                 3.0955,                0.00014,                0.00014,                0.00014
                      2,                 2.4197,                 3.1042,                 2.6386,                0.05456,                0.18947,                0.04591,                0.01146,                 2.4534,                 3.4257,                 2.5285,              0.0003173,              0.0003173,              0.0003173
                      3,                 2.5003,                 2.7828,                 2.7423,                0.11787,                0.10526,                0.05897,                0.01485,                 2.4723,                   3.29,                 2.5139,              0.0004154,              0.0004154,              0.0004154
                      4,                  2.422,                 2.8026,                 2.6241,                0.12047,                0.18947,                0.07941,                0.01518,                 2.5342,                 3.1477,                 2.5945,              0.0004343,              0.0004343,              0.0004343
                      5,                 2.6328,                 2.9532,                  2.844,                0.20873,                0.22105,                0.14454,                0.03058,                 2.5363,                  2.826,                 2.5687,               0.000374,               0.000374,               0.000374
                      6,                 2.5584,                 3.0141,                 2.7449,                0.25262,                0.26329,                0.13096,                0.02746,                 2.4971,                 2.7923,                 2.5212,              0.0002345,              0.0002345,              0.0002345
